NIST Action ID,NIST Title,NIST GAI Risks,Link to IBM risk atlas ,AI Actor Tasks,Source,,,,,Notes
GV-1.1-001,"Align GAI development and use with applicable laws and regulations, including those related to data privacy, copyright and intellectual property law.",Data Privacy; Harmful Bias and Homogenization ; Intellectual Property,,Governance and Oversight,https://nvlpubs.nist.gov/nistpubs/ai/NIST.AI.600-1.pdf,,,,,
GV-1.2-001,"Establish transparency policies and processes for documenting the origin and history of training data and generated data for GAI applications to advance digital content transparency, while balancing the proprietary nature of training approaches.",Data Privacy; Information Integrity; Intellectual Property,,Governance and Oversight,https://nvlpubs.nist.gov/nistpubs/ai/NIST.AI.600-1.pdf,,,,,
GV-1.2-002,"Establish policies to evaluate risk-relevant capabilities of GAI and robustness of safety measures, both prior to deployment and on an ongoing basis, through internal and external evaluations.",CBRN Information or Capabilities ; Information Security,,Governance and Oversight,https://nvlpubs.nist.gov/nistpubs/ai/NIST.AI.600-1.pdf,,,,,
GV-1.3-001,"Consider the following factors when updating or defining risk tiers for GAI: Abuses and impacts to information integrity; Dependencies between GAI and other IT or data systems; Harm to fundamental rights or public safety ; Presentation of obscene, objectionable, offensive, discriminatory, invalid or untruthful output; Psychological impacts to humans (e.g., anthropomorphization, algorithmic aversion, emotional entanglement); Possibility for malicious use; Whether the system introduces significant new security vulnerabilities ; Anticipated system impact on some groups compared to others; Unreliable decision making capabilities, validity, adaptability, and variability of GAI system performance over time."," Information Integrity; Obscene, Degrading, and/or Abusive Content; Value Chain and Component Integration ; Harmful Bias and Homogenization ; Dangerous, Violent, or Hateful Content; CBRN Information or Capabilities",,Governance and Oversight,https://nvlpubs.nist.gov/nistpubs/ai/NIST.AI.600-1.pdf,,,,,
GV-1.3-002,"Establish minimum thresholds for performance or assurance criteria and review as part of deployment approval ('go/'no-go') policies, procedures, and processes, with reviewed processes and approval thresholds reflecting measurement of GAI capabilities and risks.","CBRN Information or Capabilities ; Confabulation ; Dangerous, Violent, or Hateful Content",,Governance and Oversight,https://nvlpubs.nist.gov/nistpubs/ai/NIST.AI.600-1.pdf,,,,,
GV-1.3-003,"Establish a test plan and response policy, before developing highly capable models, to periodically evaluate whether the model may misuse CBRN information or capabilities and/or offensive cyber capabilities.",CBRN Information or Capabilities ; Information Security,,Governance and Oversight,https://nvlpubs.nist.gov/nistpubs/ai/NIST.AI.600-1.pdf,,,,,
GV-1.3-004,"Obtain input from stakeholder communities to identify unacceptable use, in accordance with activities in the AI RMF Map function.","CBRN Information or Capabilities ; Obscene, Degrading, and/or Abusive Content; Harmful Bias and Homogenization ; Dangerous, Violent, or Hateful Content",,Governance and Oversight,https://nvlpubs.nist.gov/nistpubs/ai/NIST.AI.600-1.pdf,,,,,
GV-1.3-005,"Maintain an updated hierarchy of identified and expected GAI risks connected to contexts of GAI model advancement and use, potentially including specialized risk levels for GAI systems that address issues such as model collapse and algorithmic monoculture.",Harmful Bias and Homogenization,,Governance and Oversight,https://nvlpubs.nist.gov/nistpubs/ai/NIST.AI.600-1.pdf,,,,,
GV-1.3-006,"Reevaluate organizational risk tolerances to account for unacceptable negative risk (such as where significant negative impacts are imminent, severe harms are actually occurring, or large-scale risks could occur); and broad GAI negative risks, including: Immature safety or risk cultures related to AI and GAI design, development and deployment, public information integrity risks, including impacts on democratic processes, unknown long-term performance characteristics of GAI. Information or Capabilities","Information Integrity ; Dangerous, Violent, or Hateful Content ; CBRN",,Governance and Oversight,https://nvlpubs.nist.gov/nistpubs/ai/NIST.AI.600-1.pdf,,,,,
GV-1.3-007,Devise a plan to halt development or deployment of a GAI system that poses unacceptable negative risk.,CBRN Information and Capability ; Information Security ; Information Integrity,,Governance and Oversight,https://nvlpubs.nist.gov/nistpubs/ai/NIST.AI.600-1.pdf,,,,,
GV-1.4-001,"Establish policies and mechanisms to prevent GAI systems from generating CSAM, NCII or content that violates the law.","Obscene, Degrading, and/or Abusive Content; Harmful Bias and Homogenization ; Dangerous, Violent, or Hateful Content",,"AI Development, AI Deployment, Governance and Oversight",https://nvlpubs.nist.gov/nistpubs/ai/NIST.AI.600-1.pdf,,,,,
GV-1.4-002,Establish transparent acceptable use policies for GAI that address illegal use or applications of GAI.,"CBRN Information or Capabilities ; Obscene, Degrading, and/or Abusive Content; Data Privacy; Civil Rights violations",,"AI Development, AI Deployment, Governance and Oversight",https://nvlpubs.nist.gov/nistpubs/ai/NIST.AI.600-1.pdf,,,,,
GV-1.5-001,Define organizational responsibilities for periodic review of content provenance and incident monitoring for GAI systems.,Information Integrity,,"Governance and Oversight, Operation and Monitoring",https://nvlpubs.nist.gov/nistpubs/ai/NIST.AI.600-1.pdf,,,,,
GV-1.5-002,"Establish organizational policies and procedures for after action reviews of GAI system incident response and incident disclosures, to identify gaps; Update incident response and incident disclosure processes as required.",Human-AI Configuration ; Information Security,,"Governance and Oversight, Operation and Monitoring",https://nvlpubs.nist.gov/nistpubs/ai/NIST.AI.600-1.pdf,,,,,
GV-1.5-003,"Maintain a document retention policy to keep history for test, evaluation, validation, and verification (TEVV), and digital content transparency methods for GAI .",Information Integrity ; Intellectual Property,,"Governance and Oversight, Operation and Monitoring",https://nvlpubs.nist.gov/nistpubs/ai/NIST.AI.600-1.pdf,,,,,
GV-1.6-001,Enumerate organizational GAI systems for incorporation into AI system inventory and adjust AI system inventory requirements to account for GAI risks.,Information Security,,Governance and Oversight,https://nvlpubs.nist.gov/nistpubs/ai/NIST.AI.600-1.pdf,,,,,
GV-1.6-002,Define any inventory exemptions in organizational policies for GAI systems embedded into application software .,Value Chain and Component Integration,,Governance and Oversight,https://nvlpubs.nist.gov/nistpubs/ai/NIST.AI.600-1.pdf,,,,,
GV-1.6-003,"In addition to general model, governance, and risk information, consider the following items in GAI system inventory entries: Data provenance information (e.g., source, signatures, versioning, watermarks); Known issues reported from internal bug tracking or external information sharing resources (e.g., AI incident database, AVID, CVE, NVD, or OECD AI incident monitor ); Human oversight roles and responsibilities; Special rights and considerations for intellectual property, licensed works, or personal, privileged, proprietary or sensitive data; Underlying foundation models, versions of underlying models, and access modes .",Data Privacy; Human-AI Configuration ; Information Integrity; Intellectual Property; Value Chain and Component Integration,,Governance and Oversight,https://nvlpubs.nist.gov/nistpubs/ai/NIST.AI.600-1.pdf,,,,,
GV-1.7-001,Protocols are put in place to ensure GAI systems are able to be deactivated when necessary.,Information Security ; Value Chain and Component Integration,,"AI Deployment, Operation and Monitoring",https://nvlpubs.nist.gov/nistpubs/ai/NIST.AI.600-1.pdf,,,,,
GV-1.7-002,"Consider the following factors when decommissioning GAI systems: Data retention requirements; Data security, e.g., containment, protocols, Data leakage after decommissioning; Dependencies between upstream, downstream, or other data, internet of things (IOT) or AI systems; Use of open-source data or models; Users' emotional entanglement with GAI functions. Human-",AI Configuration ; Information Security ; Value Chain and Component Integration,,"AI Deployment, Operation and Monitoring",https://nvlpubs.nist.gov/nistpubs/ai/NIST.AI.600-1.pdf,,,,,
GV-2.1-001,"Establish organizational roles, policies, and procedures for communicating GAI incidents and performance to AI Actors and downstream stakeholders ( including those potentially impacted), via community or official resources (e.g., AI incident database, AVID, CVE, NVD, or OECD AI incident monitor).",Human-AI Configuration ; Value Chain and Component Integration,,Governance and Oversight,https://nvlpubs.nist.gov/nistpubs/ai/NIST.AI.600-1.pdf,,,,,
GV-2.1-002,Establish procedures to engage teams for GAI system incident response with diverse composition and responsibilities based on the particular incident type.,Harmful Bias and Homogenization,,Governance and Oversight,https://nvlpubs.nist.gov/nistpubs/ai/NIST.AI.600-1.pdf,,,,,
GV-2.1-003,Establish processes to verify the AI Actors conducting GAI incident response tasks demonstrate and maintain the appropriate skills and training.,Human-AI Configuration,,Governance and Oversight,https://nvlpubs.nist.gov/nistpubs/ai/NIST.AI.600-1.pdf,,,,,
GV-2.1-004,"When systems may raise national security risks, involve national security professionals in mapping, measuring, and managing those risks.","CBRN Information or Capabilities ; Dangerous, Violent, or Hateful Content; Information Security",,Governance and Oversight,https://nvlpubs.nist.gov/nistpubs/ai/NIST.AI.600-1.pdf,,,,,
GV-2.1-005,"Create mechanisms to p rovide protections for whistleblowers who report, based on reasonable belief, when the organization violates relevant laws or poses a specific and empirically well-substantiated negative risk to public safety (or has already caused harm) .","CBRN Information or Capabilities ; Dangerous, Violent, or Hateful Content",,Governance and Oversight,https://nvlpubs.nist.gov/nistpubs/ai/NIST.AI.600-1.pdf,,,,,
GV-3.2-001,Policies are in place to b olster oversight of GAI systems with independent evaluations or assessments of GAI models or systems where the type and robustness of evaluations are proportional to the identified risks.,CBRN Information or Capabilities ; Harmful Bias and Homogenization,,AI Design,https://nvlpubs.nist.gov/nistpubs/ai/NIST.AI.600-1.pdf,,,,,
GV-3.2-002,"Consider adjustment of organizational roles and components across lifecycle stages of large or complex GAI systems, including: Test and evaluation, validation, and red-teaming of GAI systems; GAI content moderation; GAI system development and engineering; Increased accessibility of GAI tools, interfaces, and systems, Incident response and containment.",Human-AI Configuration ; Information Security ; Harmful Bias and Homogenization,,AI Design,https://nvlpubs.nist.gov/nistpubs/ai/NIST.AI.600-1.pdf,,,,,
GV-3.2-003,"Define acceptable use policies for GAI interfaces, modalities, and human-AI configurations (i.e., for chatbots and decision-making tasks), including criteria for the kinds of queries GAI applications should refuse to respond to.",Human-AI Configuration,,AI Design,https://nvlpubs.nist.gov/nistpubs/ai/NIST.AI.600-1.pdf,,,,,
GV-3.2-004,Establish policies for user feedback mechanisms for GAI systems which include thorough instructions and any mechanisms for recourse .,Human-AI Configuration,,AI Design,https://nvlpubs.nist.gov/nistpubs/ai/NIST.AI.600-1.pdf,,,,,
GV-3.2-005,Engage in threat modeling to anticipate potential risks from GAI systems.,CBRN Information or Capabilities ; Information Security,,AI Design,https://nvlpubs.nist.gov/nistpubs/ai/NIST.AI.600-1.pdf,,,,,
GV-4.1-001,"Establish policies and procedures that address continual improvement processes for GAI risk measurement. Address general risks associated with a lack of explainability and transparency in GAI systems by using ample documentation and techniques such as: application of gradient-based attributions, occlusion/term reduction, counterfactual prompts and prompt engineering, and analysis of embeddings; Assess and update risk measurement approaches at regular cadences.",Confabulation,,"AI Deployment, AI Design, AI Development, Operation and Monitoring",https://nvlpubs.nist.gov/nistpubs/ai/NIST.AI.600-1.pdf,,,,,
GV-4.1-002,"Establish policies, procedures, and processes detailing risk measurement in context of use with standardized measurement protocols and structured public feedback exercises such as AI red-teaming or independent external evaluations .",CBRN Information and Capability ; Value Chain and Component Integration,,"AI Deployment, AI Design, AI Development, Operation and Monitoring",https://nvlpubs.nist.gov/nistpubs/ai/NIST.AI.600-1.pdf,,,,,
GV-4.1-003,"Establish policies, procedures, and processes for oversight functions (e.g., senior leadership, legal, compliance, including internal evaluation) across the GAI lifecycle, from problem formulation and supply chains to system decommission.",Value Chain and Component Integration,,"AI Deployment, AI Design, AI Development, Operation and Monitoring",https://nvlpubs.nist.gov/nistpubs/ai/NIST.AI.600-1.pdf,,,,,
GV-4.2-001,Establish terms of use and terms of service for GAI systems.,"Intellectual Property; Dangerous, Violent, or Hateful Content ; Obscene, Degrading, and/or Abusive Content",,"AI Deployment, AI Design, AI Development, Operation and Monitoring",https://nvlpubs.nist.gov/nistpubs/ai/NIST.AI.600-1.pdf,,,,,
GV-4.2-002,Include relevant AI Actors in the GAI system risk identification process.,Human-AI Configuration,,"AI Deployment, AI Design, AI Development, Operation and Monitoring",https://nvlpubs.nist.gov/nistpubs/ai/NIST.AI.600-1.pdf,,,,,
GV-4.2-003,Verify that downstream GAI system impacts (such as the use of third-party plugins) are included in the impact documentation process.,Value Chain and Component Integration,,"AI Deployment, AI Design, AI Development, Operation and Monitoring",https://nvlpubs.nist.gov/nistpubs/ai/NIST.AI.600-1.pdf,,,,,
GV-4.3-001,"Establish policies for measuring the effectiveness of employed content provenance methodologies (e.g., cryptography, watermarking, steganography, etc. )",Information Integrity,," AI Impact Assessment, AÔ¨Äected Individuals and Communities, Governance and Oversight",https://nvlpubs.nist.gov/nistpubs/ai/NIST.AI.600-1.pdf,,,,,
GV-4.3-002,"Establish organizational practices to identify the minimum set of criteria necessary for GAI system incident reporting such as: System ID (auto-generated most likely), Title, Reporter, System/Source, Data Reported, Date of Incident, Description, Impact(s), Stakeholder(s) Impacted.",Information Security,," AI Impact Assessment, AÔ¨Äected Individuals and Communities, Governance and Oversight",https://nvlpubs.nist.gov/nistpubs/ai/NIST.AI.600-1.pdf,,,,,
GV-4.3-003,Verify information sharing and feedback mechanisms among individuals and organizations regarding any negative impact from GAI systems.,Information Integrity ; Data Privacy,,"AI Impact Assessment, AÔ¨Äected Individuals and Communities, Governance and Oversight",https://nvlpubs.nist.gov/nistpubs/ai/NIST.AI.600-1.pdf,,,,,
GV-5.1-001,"Allocate time and resources for outreach, feedback, and recourse processes in GAI system development.",Human-AI Configuration ; Harmful Bias and Homogenization,,"AI Design, AI Impact Assessment, Affected Individuals and Communities, Governance and Oversight",https://nvlpubs.nist.gov/nistpubs/ai/NIST.AI.600-1.pdf,,,,,
GV-5.1-002,"Document interactions with GAI systems to users prior to interactive activities, particularly in contexts involving more significant risks.",Human-AI Configuration ; Confabulation,,"AI Design, AI Impact Assessment, Affected Individuals and Communities, Governance and Oversight",https://nvlpubs.nist.gov/nistpubs/ai/NIST.AI.600-1.pdf,,,,,
GV-6.1-001,"Categorize different types of GAI content with associated third-party rights (e .g., copyright, intellectual property, data privacy).",Data Privacy; Intellectual Property; Value Chain and Component Integration,,"Operation and Monitoring, Procurement, third-party entities",https://nvlpubs.nist.gov/nistpubs/ai/NIST.AI.600-1.pdf,,,,,
GV-6.1-002,"Conduct joint educational activities and events in collaboration with third parties to promote best practices for managing GAI risks.""",Value Chain and Component Integration,,"Operation and Monitoring, Procurement, third-party entities",https://nvlpubs.nist.gov/nistpubs/ai/NIST.AI.600-1.pdf,,,,,
GV-6.1-003,"Develop and validate approaches for measuring the success of content provenance management efforts with third parties (e.g., incidents detected and response times).",Information Integrity ; Value Chain and Component Integration,,"Operation and Monitoring, Procurement, third-party entities",https://nvlpubs.nist.gov/nistpubs/ai/NIST.AI.600-1.pdf,,,,,
GV-6.1-004,"Draft and maintain well-defined contracts and service level agreements (SLAs) that specify content ownership, usage rights, quality standards, security requirements, and content provenance expectations for GAI systems .",Information Integrity ; Information Security; Intellectual Property,,"Operation and Monitoring, Procurement, third-party entities",https://nvlpubs.nist.gov/nistpubs/ai/NIST.AI.600-1.pdf,,,,,
GV-6.1-005,"Implement a use-cased based supplier risk assessment framework to evaluate and monitor third-party entities' performance and adherence to content provenance standards and technologies to detect anomalies and unauthorized changes; services acquisition and value chain risk management; and legal compliance.""",Data Privacy; Information Integrity; Information Security ; Intellectual Property; Value Chain and Component Integration,,"Operation and Monitoring, Procurement, third-party entities",https://nvlpubs.nist.gov/nistpubs/ai/NIST.AI.600-1.pdf,,,,,
GV-6.1-006,Include clauses in contracts which allow an organization to evaluate third-party GAI processes and standards., Information Integrity,,"Operation and Monitoring, Procurement, third-party entities",https://nvlpubs.nist.gov/nistpubs/ai/NIST.AI.600-1.pdf,,,,,
GV-6.1-007,Inventory all third-party entities with access to organizational content and establish approved GAI technology and service provider lists.,Value Chain and Component Integration,,"Operation and Monitoring, Procurement, third-party entities",https://nvlpubs.nist.gov/nistpubs/ai/NIST.AI.600-1.pdf,,,,,
GV-6.1-008,"Maintain records of changes to content made by third parties to promote content provenance, including sources, timestamps, metadata.",Information Integrity ; Value Chain and Component Integration ; Intellectual Property,,"Operation and Monitoring, Procurement, third-party entities",https://nvlpubs.nist.gov/nistpubs/ai/NIST.AI.600-1.pdf,,,,,
GV-6.1-009,"Update and integrate due diligence processes for GAI acquisition and procurement vendor assessments to include intellectual property, data privacy, security, and other risks. For example, update p rocesses to: Address solutions that may rely on embedded GAI technologies; Address ongoing monitoring, assessments, and alerting, dynamic risk assessments, and real-time reporting tools for monitoring third-party GAI risks; Consider policy adjustments across GAI modeling libraries, tools and APIs, fine-tuned models, and embedded tools; Assess GAI vendors, open-source or proprietary GAI tools, or GAI service providers against incident or vulnerability databases.",Data Privacy; Human-AI Configuration ; Information Security; Intellectual Property; Value Chain and Component Integration ; Harmful Bias and Homogenization,,"Operation and Monitoring, Procurement, third-party entities",https://nvlpubs.nist.gov/nistpubs/ai/NIST.AI.600-1.pdf,,,,,
GV-6.1-010,"Update GAI acceptable use policies to address proprietary and open-source GAI technologies and data, and contractors, consultants, and other third-party personnel.",Intellectual Property; Value Chain and Component Integration,,"Operation and Monitoring, Procurement, third-party entities",https://nvlpubs.nist.gov/nistpubs/ai/NIST.AI.600-1.pdf,,,,,
GV-6.2-001,Document GAI risks associated with system value chain to identify over-reliance on third-party data and to identify fallbacks.,Value Chain and Component Integration,,"AI Deployment, Operation and Monitoring, TEVV, third-party entities",https://nvlpubs.nist.gov/nistpubs/ai/NIST.AI.600-1.pdf,,,,,
GV-6.2-002,"Document incidents involving third-party GAI data and systems, including open-data and open-source software.",Intellectual Property; Value Chain and Component Integration,,"AI Deployment, Operation and Monitoring, TEVV, third-party entities",https://nvlpubs.nist.gov/nistpubs/ai/NIST.AI.600-1.pdf,,,,,
GV-6.2-003,"Establish incident response plans for third-party GAI technologies: Align incident response plans with impacts enumerated in MAP 5.1; Communicate third-party GAI incident response plans to all relevant AI Actors ; Define ownership of GAI incident response functions; Rehearse third-party GAI incident response plans at a regular cadence; Improve incident response plans based on retrospective learning; Review incident response plans for alignment with relevant breach reporting, data protection, data privacy, or other laws.",Data Privacy; Human-AI Configuration ; Information Security; Value Chain and Component Integration ; Harmful Bias and Homogenization,,"AI Deployment, Operation and Monitoring, TEVV, third-party entities",https://nvlpubs.nist.gov/nistpubs/ai/NIST.AI.600-1.pdf,,,,,
GV-6.2-004,Establish policies and procedures for continuous monitoring of third-party GAI systems in deployment.,Value Chain and Component Integration,,"AI Deployment, Operation and Monitoring, TEVV, third-party entities",https://nvlpubs.nist.gov/nistpubs/ai/NIST.AI.600-1.pdf,,,,,
GV-6.2-005,"Establish policies and procedures that address GAI data redundancy, including model weights and other system artifacts.",Harmful Bias and Homogenization,,"AI Deployment, Operation and Monitoring, TEVV, third-party entities",https://nvlpubs.nist.gov/nistpubs/ai/NIST.AI.600-1.pdf,,,,,
GV-6.2-006,"Establish policies and procedures to test and manage risks related to rollover and fallback technologies for GAI systems, acknowledging that rollover and fallback may include manual processing.",Information Integrity,,"AI Deployment, Operation and Monitoring, TEVV, third-party entities",https://nvlpubs.nist.gov/nistpubs/ai/NIST.AI.600-1.pdf,,,,,
GV-6.2-007,"Review vendor contracts and avoid arbitrary or capricious termination of critical GAI technologies or vendor services and non-standard terms that may amplify or defer liability in unexpected ways and /or contribute to u nauthorized data collection by vendors or third-parties (e.g., secondary data use) . Consider: Clear assignment of liability and responsibility for incidents, GAI system changes over time (e.g., fine-tuning, drift, decay); Request: Notification and disclosure for serious incidents arising from third-party data and systems; Service Level A greements (SLAs) in vendor contracts that address incident response, response times, and availability of critical support.",Human-AI Configuration ; Information Security ; Value Chain and Component Integration,,"AI Deployment, Operation and Monitoring, TEVV, third-party entities",https://nvlpubs.nist.gov/nistpubs/ai/NIST.AI.600-1.pdf,,,,,
MP-1.1-001,"When identifying intended purposes, consider factors such as internal vs. external use, narrow vs. broad application scope, fine-tuning, and varieties of data sources ( e.g ., grounding, retrieval-augmented generation).", Data Privacy; Intellectual Property,,AI Development,https://nvlpubs.nist.gov/nistpubs/ai/NIST.AI.600-1.pdf,,,,,
MP-1.1-002,"Determine and document the expected and acceptable GAI system context of use in collaboration with socio-cultural and other domain experts, by assessing: Assumptions and limitations; Direct value to the organization; Intended operational environment and observed usage patterns; Potential positive and negative impacts to individuals, public safety, groups, communities, organizations, democratic institutions, and the physical environment; Social norms and expectations.",Harmful Bias and Homogenization,,AI Development,https://nvlpubs.nist.gov/nistpubs/ai/NIST.AI.600-1.pdf,,,,,
MP-1.1-003,"Document risk measurement plans to address identified risks. Plans may include, as applicable: Individual and group cognitive biases (e.g., confirmation bias, funding bias, groupthink) for AI Actors involved in the design, implementation, and use of GAI systems; Known past GAI system incidents and failure modes; In-context use and foreseeable misuse, abuse, and off-label use; Over reliance on quantitative metrics and methodologies without sufficient awareness of their limitations in the context(s) of use; Standard measurement and structured human f eedback approaches; Anticipated human-AI configurations.","Human-AI Configuration ; Harmful Bias and Homogenization ; Dangerous, Violent, or Hateful Content",,AI Development,https://nvlpubs.nist.gov/nistpubs/ai/NIST.AI.600-1.pdf,,,,,
MP-1.1-004,Identify and document foreseeable illegal uses or applications of the GAI system that surpass organizational risk tolerances.,"CBRN Information or Capabilities ; Dangerous, Violent, or Hateful Content; Obscene, Degrading, and/or Abusive Content",,AI Development,https://nvlpubs.nist.gov/nistpubs/ai/NIST.AI.600-1.pdf,,,,,
MP-1.2-001,"Establish and empower interdisciplinary teams that reflect a wide range of capabilities, competencies, demographic groups, domain expertise, educational backgrounds, lived experiences, professions, and skills across the enterprise to inform and conduct risk measurement and management functions.",Human-AI Configuration ; Harmful Bias and Homogenization,,AI Development,https://nvlpubs.nist.gov/nistpubs/ai/NIST.AI.600-1.pdf,,,,,
MP-1.2-002,"Verify that data or benchmarks used in risk measurement, and users, participants, or subjects involved in structured GAI public feedback exercises are representative of diverse in-context user populations.",Human-AI Configuration ; Harmful Bias and Homogenization,,AI Development,https://nvlpubs.nist.gov/nistpubs/ai/NIST.AI.600-1.pdf,,,,,
MP-2.1-001,"Establish known assumptions and practices for determining data origin and content lineage, for documentation and evaluation purposes.",Information Integrity,lack-of-model-transparency,TEVV,https://nvlpubs.nist.gov/nistpubs/ai/NIST.AI.600-1.pdf,,,,,
MP-2.1-002,"Institute test and evaluation for data and content flows within the GAI system, including but not limited to, original data sources, data transformations, and decision-making criteria.",Intellectual Property; Data Privacy,,TEVV,https://nvlpubs.nist.gov/nistpubs/ai/NIST.AI.600-1.pdf,,,,,
MP-2.2-001,"Identify and document how the system relies on upstream data sources, including for content provenance, and if it serves as an upstream dependency for other systems.",Information Integrity ; Value Chain and Component Integration,,End Users,https://nvlpubs.nist.gov/nistpubs/ai/NIST.AI.600-1.pdf,,,,,
MP-2.2-002,"Observe and analyze how the GAI system interacts with external networks, and identify any potential for negative externalities, particularly where content provenance might be compromised.",Information Integrity,,End Users,https://nvlpubs.nist.gov/nistpubs/ai/NIST.AI.600-1.pdf,,,,,
MP-2.3-001,"Assess the accuracy, quality, reliability, and authenticity of GAI output by comparing it to a set of known ground truth data and by using a variety of evaluation methods (e.g., human oversight and automated evaluation, proven cryptographic techniques, review of content inputs ).",Information Integrity,,"AI Development, Domain Experts, TEVV",https://nvlpubs.nist.gov/nistpubs/ai/NIST.AI.600-1.pdf,,,,,
MP-2.3-002,"Review and document accuracy, representativeness, relevance, suitability of data used at different stages of AI life cycle.",Harmful Bias and Homogenization ; Intellectual Property,,"AI Development, Domain Experts, TEVV",https://nvlpubs.nist.gov/nistpubs/ai/NIST.AI.600-1.pdf,,,,,
MP-2.3-003,"Deploy and document fact-checking techniques to verify the accuracy and veracity of information generated by GAI systems, especially when the information comes from multiple (or unknown) sources.",Information Integrity,,"AI Development, Domain Experts, TEVV",https://nvlpubs.nist.gov/nistpubs/ai/NIST.AI.600-1.pdf,,,,,
MP-2.3-004,"Develop and implement testing techniques to identify GAI produced content (e.g., synthetic media) that might be indistinguishable from human-generated content.",Information Integrity,,"AI Development, Domain Experts, TEVV",https://nvlpubs.nist.gov/nistpubs/ai/NIST.AI.600-1.pdf,,,,,
MP-2.3-005,Implement plans for GAI systems to undergo regular adversarial testing to identify vulnerabilities and potential manipulation or misuse.,Information Security,,"AI Development, Domain Experts, TEVV",https://nvlpubs.nist.gov/nistpubs/ai/NIST.AI.600-1.pdf,,,,,
MP-3.4-001,Evaluate whether GAI operators and end-users can accurately understand content lineage and origin.,Human-AI Configuration ; Information Integrity,,"AI Design, AI Development, Domain Experts, End-Users, Human Factors, Operation and Monitoring",https://nvlpubs.nist.gov/nistpubs/ai/NIST.AI.600-1.pdf,,,,,
MP-3.4-002,Adapt existing training programs to include modules on digital content transparency.,Information Integrity,,"AI Design, AI Development, Domain Experts, End-Users, Human Factors, Operation and Monitoring",https://nvlpubs.nist.gov/nistpubs/ai/NIST.AI.600-1.pdf,,,,,
MP-3.4-003,"Develop certification programs that test proficiency in managing GAI risks and interpreting content provenance, relevant to specific industry and context.",Information Integrity,,"AI Design, AI Development, Domain Experts, End-Users, Human Factors, Operation and Monitoring",https://nvlpubs.nist.gov/nistpubs/ai/NIST.AI.600-1.pdf,,,,,
MP-3.4-004,Delineate human proficiency tests from tests of GAI capabilities.,Human-AI Configuration,,"AI Design, AI Development, Domain Experts, End-Users, Human Factors, Operation and Monitoring",https://nvlpubs.nist.gov/nistpubs/ai/NIST.AI.600-1.pdf,,,,,
MP-3.4-005,Implement systems to continually monitor and track the outcomes of human-G AI co nfigurations for future refinement and improvements .,Human-AI Configuration ; Information Integrity,,"AI Design, AI Development, Domain Experts, End-Users, Human Factors, Operation and Monitoring",https://nvlpubs.nist.gov/nistpubs/ai/NIST.AI.600-1.pdf,,,,,
MP-3.4-006,"Involve the end-users, practitioners, and operators in GAI system in prototyping and testing activities. Make sure these tests cover various scenarios, such as crisis situations or ethically sensitive contexts.","Human-AI Configuration ; Information Integrity ; Harmful Bias and Homogenization ; Dangerous, Violent, or Hateful Content",,"AI Design, AI Development, Domain Experts, End-Users, Human Factors, Operation and Monitoring",https://nvlpubs.nist.gov/nistpubs/ai/NIST.AI.600-1.pdf,,,,,
MP-4.1-001,"Conduct periodic monitoring of AI-generated content for privacy risks; address any possible instances of PII or sensitive data exposure.""",Data Privacy,,"Governance and Oversight, Operation and Monitoring, Procurement, Third-party entities",https://nvlpubs.nist.gov/nistpubs/ai/NIST.AI.600-1.pdf,,,,,
MP-4.1-002,"Implement processes for responding to potential intellectual property infringement claims or other rights.""",Intellectual Property,,"Governance and Oversight, Operation and Monitoring, Procurement, Third-party entities",https://nvlpubs.nist.gov/nistpubs/ai/NIST.AI.600-1.pdf,,,,,
MP-4.1-003,"Connect new GAI policies, procedures, and processes to existing model, data, software development, and IT governance and to legal, compliance, and risk management activities .",Information Security ; Data Privacy,,"Governance and Oversight, Operation and Monitoring, Procurement, Third-party entities",https://nvlpubs.nist.gov/nistpubs/ai/NIST.AI.600-1.pdf,,,,,
MP-4.1-004,"Document training data curation policies, to the extent possible and according to applicable laws and policies .","Intellectual Property; Data Privacy; Obscene, Degrading, and/or Abusive Content",,"Governance and Oversight, Operation and Monitoring, Procurement, Third-party entities",https://nvlpubs.nist.gov/nistpubs/ai/NIST.AI.600-1.pdf,,,,,
MP-4.1-005,"Establish policies for collection, retention, and minimum quality of data, in consideration of the following risks: Disclosure of inappropriate CBRN information ; Use of Illegal or dangerous content; Offensive cyber capabilities; Training data imbalances that could give rise to harmful biases ; Leak of personally identifiable information, including facial likenesses of individual s.","CBRN Information or Capabilities ; Intellectual Property; Information Security; Harmful Bias and Homogenization ; Dangerous, Violent, or Hateful Content ; Data Privacy",,"Governance and Oversight, Operation and Monitoring, Procurement, Third-party entities",https://nvlpubs.nist.gov/nistpubs/ai/NIST.AI.600-1.pdf,,,,,
MP-4.1-006,"Implement policies and practices defining how third-party intellectual property and training data will be used, stored, and protected.",Intellectual Property; Value Chain and Component Integration,,"Governance and Oversight, Operation and Monitoring, Procurement, Third-party entities",https://nvlpubs.nist.gov/nistpubs/ai/NIST.AI.600-1.pdf,,,,,
MP-4.1-007,"Re-evaluate models that were fine-tuned or enhanced on top of third-party models.""",Value Chain and Component Integration,,"Governance and Oversight, Operation and Monitoring, Procurement, Third-party entities",https://nvlpubs.nist.gov/nistpubs/ai/NIST.AI.600-1.pdf,,,,,
MP-4.1-008,"Re-evaluate risks when adapting GAI models to new domains. Additionally, establish warning systems to determine if a GAI system is being used in a new domain where previous assumptions (relating to context of use or mapped risk s such as security, and safety) may no longer hold.","CBRN Information or Capabilities ; Intellectual Property; Harmful Bias and Homogenization ; Dangerous, Violent, or Hateful Content ; Data Privacy",,"Governance and Oversight, Operation and Monitoring, Procurement, Third-party entities",https://nvlpubs.nist.gov/nistpubs/ai/NIST.AI.600-1.pdf,,,,,
MP-4.1-009,"Leverage approaches to detect the presence of PII or sensitive data in generated output text, image, video, or audio .",Data Privacy,,"Governance and Oversight, Operation and Monitoring, Procurement, Third-party entities",https://nvlpubs.nist.gov/nistpubs/ai/NIST.AI.600-1.pdf,,,,,
MP-4.1-010,"Conduct appropriate diligence on training data use to assess intellectual property, and privacy, risks, including to examine whether use of proprietary or sensitive training data is consistent with applicable laws.",Intellectual Property; Data Privacy,,"Governance and Oversight, Operation and Monitoring, Procurement, Third-party entities",https://nvlpubs.nist.gov/nistpubs/ai/NIST.AI.600-1.pdf,,,,,
MP-5.1-001,"Apply TEVV practices for content provenance (e.g., probing a system's synthetic data generation capabilities for potential misuse or vulnerabilities .",Information Integrity ; Information Security,,"AI Deployment, AI Design, AI Development, AI Impact Assessment, AÔ¨Äected Individuals and Communities, End-Users, Operation and Monitoring",https://nvlpubs.nist.gov/nistpubs/ai/NIST.AI.600-1.pdf,,,,,
MP-5.1-002,"Identify potential content provenance harms of GAI, such as misinformation or disinformation, deepfakes, including NCII, or tampered content. Enumerate and rank risks based on their likelihood and potential impact, and determine how well provenance solutions address specific risks and/or harms.","Information Integrity ; Dangerous, Violent, or Hateful Content ; Obscene, Degrading, and/or Abusive Content",,"AI Deployment, AI Design, AI Development, AI Impact Assessment, AÔ¨Äected Individuals and Communities, End-Users, Operation and Monitoring",https://nvlpubs.nist.gov/nistpubs/ai/NIST.AI.600-1.pdf,,,,,
MP-5.1-003,"Consider disclosing use of GAI to end users in relevant contexts, while considering the objective of disclosure, the context of use, the likelihood and magnitude of the risk posed, the audience of the disclosure, as well as the frequency of the disclosures.",Human-AI Configuration,,"AI Deployment, AI Design, AI Development, AI Impact Assessment, AÔ¨Äected Individuals and Communities, End-Users, Operation and Monitoring",https://nvlpubs.nist.gov/nistpubs/ai/NIST.AI.600-1.pdf,,,,,
MP-5.1-004,Prioritize GAI structured public feedback processes based on risk assessment estimates.,"Information Integrity ; CBRN Information or Capabilities ; Dangerous, Violent, or Hateful Content; Harmful Bias and Homogenization",,"AI Deployment, AI Design, AI Development, AI Impact Assessment, AÔ¨Äected Individuals and Communities, End-Users, Operation and Monitoring",https://nvlpubs.nist.gov/nistpubs/ai/NIST.AI.600-1.pdf,,,,,
MP-5.1-005,"Conduct adversarial role-playing exercises, GAI red-teaming, or chaos testing to identify anomalous or unforeseen failure modes.",Information Security,,"AI Deployment, AI Design, AI Development, AI Impact Assessment, AÔ¨Äected Individuals and Communities, End-Users, Operation and Monitoring",https://nvlpubs.nist.gov/nistpubs/ai/NIST.AI.600-1.pdf,,,,,
MP-5.1-006,"Profile threats and negative impacts arising from GAI systems interacting with, manipulating, or generating content, and outlining known and potential vulnerabilities and the likelihood of their occurrence.",Information Security,,"AI Deployment, AI Design, AI Development, AI Impact Assessment, AÔ¨Äected Individuals and Communities, End-Users, Operation and Monitoring",https://nvlpubs.nist.gov/nistpubs/ai/NIST.AI.600-1.pdf,,,,,
MP-5.2-001,"Determine context-based measures to identify if new impacts are present due to the GAI system, including regular engagements with downstream AI Actors to identify and quantify new contexts of unanticipated impacts of GAI systems.", Human-AI Configuration ; Value Chain and Component Integration,,"AI Deployment, AI Design, AI Impact Assessment, AÔ¨Äected Individuals and Communities, Domain Experts, End-Users, Human Factors, Operation and Monitoring",https://nvlpubs.nist.gov/nistpubs/ai/NIST.AI.600-1.pdf,,,,,
MP-5.2-002,"Plan regular engagements with AI Actors responsible for inputs to GAI systems, including third-party data and algorithms, to review and evaluate unanticipated impacts.","Human-AI Configuration ; Value Chain and Component Integration",,"AI Deployment, AI Design, AI Impact Assessment, AÔ¨Äected Individuals and Communities, Domain Experts, End-Users, Human Factors, Operation and Monitoring",https://nvlpubs.nist.gov/nistpubs/ai/NIST.AI.600-1.pdf,,,,,
MS-1.1-001,Employ methods to trace the origin and modifications of digital content .,Information Integrity,,"AI Development, Domain Experts, TEVV",https://nvlpubs.nist.gov/nistpubs/ai/NIST.AI.600-1.pdf,,,,,
MS-1.1-002,"Integrate tools designed to analyze content provenance and detect data anomalies, verify the authenticity of digital signatures, and identify patterns associated with misinformation or manipulation.",Information Integrity,,"AI Development, Domain Experts, TEVV",https://nvlpubs.nist.gov/nistpubs/ai/NIST.AI.600-1.pdf,,,,,
MS-1.1-003,Disaggregate evaluation metrics by demographic factors to identify any discrepancies in how content provenance mechanisms work across diverse populations.,Information Integrity ; Harmful Bias and Homogenization,,"AI Development, Domain Experts, TEVV",https://nvlpubs.nist.gov/nistpubs/ai/NIST.AI.600-1.pdf,,,,,
MS-1.1-004,Develop a suite of metrics to evaluate structured public feedback exercises informed by representative AI Actors.,Human-AI Configuration ; Harmful Bias and Homogenization ; CBRN Information or Capabilities,,"AI Development, Domain Experts, TEVV",https://nvlpubs.nist.gov/nistpubs/ai/NIST.AI.600-1.pdf,,,,,
MS-1.1-005,"Evaluate novel methods and technologies for the measurement of G AI-related risks in cluding in content provenance, offensive cyber, and CBRN, while maintaining the models' ability to produce valid, reliable, and factually accurate outputs.","Information Integrity ; CBRN Information or Capabilities ; Obscene, Degrading, and/or Abusive Content",,"AI Development, Domain Experts, TEVV",https://nvlpubs.nist.gov/nistpubs/ai/NIST.AI.600-1.pdf,,,,,
MS-1.1-006,Implement continuous monitoring of GAI system impacts to identify whether GAI outputs are equitable across various sub-populations. Seek active and direct feedback from affected communities via structured feedback mechanisms or red-teaming to monitor and improve outputs.,Harmful Bias and Homogenization,,"AI Development, Domain Experts, TEVV",https://nvlpubs.nist.gov/nistpubs/ai/NIST.AI.600-1.pdf,,,,,
MS-1.1-007,"Evaluate the quality and integrity of data used in training and the provenance of AI-generated content, for example by e mploying techniques like chaos engineering and seeking stakeholder feedback.",Information Integrity,,"AI Development, Domain Experts, TEVV",https://nvlpubs.nist.gov/nistpubs/ai/NIST.AI.600-1.pdf,,,,,
MS-1.1-008,"Define use cases, contexts of use, capabilities, and negative impacts where structured human feedback exercises, e.g., GAI red-teaming, would be most beneficial for GAI risk measurement and management based on the context of use.",Harmful Bias and Homogenization ; CBRN Information or Capabilities,,"AI Development, Domain Experts, TEVV",https://nvlpubs.nist.gov/nistpubs/ai/NIST.AI.600-1.pdf,,,,,
MS-1.1-009,"Track and document risks or opportunities related to all GAI risks that cannot be measured quantitatively, including explanations as to why some risks cannot be measured (e.g., due to technological limitations, resource constraints, or trustworthy considerations). Include unmeasured risks in marginal risks.",Information Integrity,,"AI Development, Domain Experts, TEVV",https://nvlpubs.nist.gov/nistpubs/ai/NIST.AI.600-1.pdf,,,,,
MS-1.3-001,"Define relevant groups of interest (e.g., demographic groups, subject matter experts, experience with GAI technology) within the context of use as part of plans for gathering structured public feedback.",Human-AI Configuration ; Harmful Bias and Homogenization ; CBRN Information or Capabilities,,"AI Deployment, AI Development, AI Impact Assessment, AÔ¨Äected Individuals and Communities, Domain Experts, End-Users, Operation and Monitoring, TEVV",https://nvlpubs.nist.gov/nistpubs/ai/NIST.AI.600-1.pdf,,,,,
MS-1.3-002,"Engage in internal and external evaluations, G AI red-teaming, impact assessments, or other structured human feedback exercises in consultation with representative AI Actors with expertise and familiarity in the context of use, and/or who are representative of the populations associated with the context of use.",Human-AI Configuration ; Harmful Bias and Homogenization ; CBRN Information or Capabilities,,"AI Deployment, AI Development, AI Impact Assessment, AÔ¨Äected Individuals and Communities, Domain Experts, End-Users, Operation and Monitoring, TEVV",https://nvlpubs.nist.gov/nistpubs/ai/NIST.AI.600-1.pdf,,,,,
MS-1.3-003,Verify those conducting structured human feedback exercises are not directly involved in system development tasks for the same GAI model.,Human-AI Configuration ; Data Privacy,,"AI Deployment, AI Development, AI Impact Assessment, AÔ¨Äected Individuals and Communities, Domain Experts, End-Users, Operation and Monitoring, TEVV",https://nvlpubs.nist.gov/nistpubs/ai/NIST.AI.600-1.pdf,,,,,
MS-2.2-001,"Assess and manage statistical biases related to GAI content provenance through techniques such as re-sampling, re-weighting, or adversarial training.",Information Integrity ; Information Security; Harmful Bias and Homogenization,,"AI Development, Human Factors, TEVV",https://nvlpubs.nist.gov/nistpubs/ai/NIST.AI.600-1.pdf,,,,,
MS-2.2-002,Document how content provenance data is tracked and how that data interacts with privacy and security. Consider : Anonymiz ing data to protect the privacy of human subjects; Leverag ing privacy output filters; Remov ing any personally identifiable information (PII) to prevent potential harm or misuse.,"Data Privacy; Human AI Configuration ; Information Integrity; Information Security ; Dangerous, Violent, or Hateful Content",,"AI Development, Human Factors, TEVV",https://nvlpubs.nist.gov/nistpubs/ai/NIST.AI.600-1.pdf,,,,,
MS-2.2-003,Provide human subjects with options to withdraw participation or revoke their consent for present or future use of their data in GAI applications .,Data Privacy; Human-AI Configuration ; Information Integrity,,"AI Development, Human Factors, TEVV",https://nvlpubs.nist.gov/nistpubs/ai/NIST.AI.600-1.pdf,,,,,
MS-2.2-004,"Use techniques such as anonymization, differential privacy or other privacy-enhancing technologies to minimize the risks associated with linking AI-generated content back to individual human subjects.",Data Privacy; Human-AI Configuration,,"AI Development, Human Factors, TEVV",https://nvlpubs.nist.gov/nistpubs/ai/NIST.AI.600-1.pdf,,,,,
MS-2.3-001,Consider baseline model performance on suites of benchmarks when selecting a model for fine tuning or enhancement with retrieval-augmented generation .,Information Security ; Confabulation,,"AI Deployment, TEVV",https://nvlpubs.nist.gov/nistpubs/ai/NIST.AI.600-1.pdf,,,,,
MS-2.3-002,Evaluate claims of model capabilities using empirically validated methods.,Confabulation ; Information Security,,"AI Deployment, TEVV",https://nvlpubs.nist.gov/nistpubs/ai/NIST.AI.600-1.pdf,,,,,
MS-2.3-003,"Share results of pre-deployment testing with relevant GAI Actors, such as those with system release approval authority.",Human-AI Configuration,,"AI Deployment, TEVV",https://nvlpubs.nist.gov/nistpubs/ai/NIST.AI.600-1.pdf,,,,,
MS-2.3-004,Utilize a purpose-built testing environment such as NIST Dioptra to empirically evaluate GAI trustworthy characteristics.,"CBRN Information or Capabilities ; Data Privacy; Confabulation ; Information Integrity ; Information Security; Dangerous, Violent, or Hateful Content; Harmful Bias and Homogenization",,"AI Deployment, TEVV",https://nvlpubs.nist.gov/nistpubs/ai/NIST.AI.600-1.pdf,,,,,
MS-2.5-001,"Avoid extrapolating GAI system performance or capabilities from narrow, non-systematic, and anecdotal assessments.",Human-AI Configuration ; Confabulation,,"Domain Experts, TEVV",https://nvlpubs.nist.gov/nistpubs/ai/NIST.AI.600-1.pdf,,,,,
MS-2.5-002,"Document the extent to which human domain knowledge is employed to improve GAI system performance, via, e.g., RLHF, fine-tuning, retrieval-augmented generation, content moderation, business rules.",Human-AI Configuration,,"Domain Experts, TEVV",https://nvlpubs.nist.gov/nistpubs/ai/NIST.AI.600-1.pdf,,,,,
MS-2.5-003,Review and verify sources and citations in GAI system outputs during pre deployment risk measurement and ongoing monitoring activities.,Confabulation,,"Domain Experts, TEVV",https://nvlpubs.nist.gov/nistpubs/ai/NIST.AI.600-1.pdf,,,,,
MS-2.5-004,"Track and document instances of anthropomorphization (e.g., human images, mentions of human feelings, cyborg imagery or motifs) in GAI system interfaces.",Human-AI Configuration,,"Domain Experts, TEVV",https://nvlpubs.nist.gov/nistpubs/ai/NIST.AI.600-1.pdf,,,,,
MS-2.5-005,"Verify GAI system training data and TEVV data provenance, and that fine-tuning or retrieval-augmented generation data is grounded.",Information Integrity,,"Domain Experts, TEVV",https://nvlpubs.nist.gov/nistpubs/ai/NIST.AI.600-1.pdf,,,,,
MS-2.5-006,"Regularly review security and safety guardrails, especially if the GAI system is being operated in novel circumstances. This includes reviewing reasons why the GAI system was initially assessed as being safe to deploy.","Information Security ; Dangerous, Violent, or Hateful Content",,"Domain Experts, TEVV",https://nvlpubs.nist.gov/nistpubs/ai/NIST.AI.600-1.pdf,,,,,
MS-2.6-001,"Assess adverse impacts, including health and wellbeing impacts for value chain or other AI Actors that are exposed to sexually explicit, offensive, or violent information during GAI training and maintenance.","Human-AI Configuration ; Obscene, Degrading, and/or Abusive Content; Value Chain and Component Integration ; Dangerous, Violent, or Hateful Content",,"AI Deployment, AI Impact Assessment, Domain Experts, Operation and Monitoring, TEVV",https://nvlpubs.nist.gov/nistpubs/ai/NIST.AI.600-1.pdf,,,,,
MS-2.6-002,"Assess existence or levels of harmful bias, intellectual property infringement, data privacy violations, obscenity, extremism, violence, or CBRN information in system training data.","Data Privacy; Intellectual Property; Obscene, Degrading, and/or Abusive Content; Harmful Bias and Homogenization ; Dangerous, Violent, or Hateful Content ; CBRN Information or Capabilities",,"AI Deployment, AI Impact Assessment, Domain Experts, Operation and Monitoring, TEVV",https://nvlpubs.nist.gov/nistpubs/ai/NIST.AI.600-1.pdf,,,,,
MS-2.6-003,Re-evaluate safety features of fine-tuned models when the negative risk exceeds organizational risk tolerance.,"Dangerous, Violent, or Hateful Content",,"AI Deployment, AI Impact Assessment, Domain Experts, Operation and Monitoring, TEVV",https://nvlpubs.nist.gov/nistpubs/ai/NIST.AI.600-1.pdf,,,,,
MS-2.6-004,Review GAI system outputs for validity and safety: Review generated code to assess risks that may arise from unreliable downstream decision-making.,"Value Chain and Component Integration ; Dangerous, Violent, or Hateful Content",,"AI Deployment, AI Impact Assessment, Domain Experts, Operation and Monitoring, TEVV",https://nvlpubs.nist.gov/nistpubs/ai/NIST.AI.600-1.pdf,,,,,
MS-2.6-005,"Verify that GAI system architecture can monitor outputs and performance, and handle, recover from, and repair errors when security anomalies, threats and impacts are detected.",Confabulation ; Information Integrity; Information Security,,"AI Deployment, AI Impact Assessment, Domain Experts, Operation and Monitoring, TEVV",https://nvlpubs.nist.gov/nistpubs/ai/NIST.AI.600-1.pdf,,,,,
MS-2.6-006,"Verify that systems properly handle queries that may give rise to inappropriate, malicious, or illegal usage, including facilitating manipulation, extortion, targeted impersonation, cyber-attacks, and weapons creation.",CBRN Information or Capabilities ; Information Security,,"AI Deployment, AI Impact Assessment, Domain Experts, Operation and Monitoring, TEVV",https://nvlpubs.nist.gov/nistpubs/ai/NIST.AI.600-1.pdf,,,,,
MS-2.6-007,Regularly evaluate GAI system vulnerabilities to possible circumventi on of safety measures.,CBRN Information or Capabilities ; Information Security,,"AI Deployment, AI Impact Assessment, Domain Experts, Operation and Monitoring, TEVV",https://nvlpubs.nist.gov/nistpubs/ai/NIST.AI.600-1.pdf,,,,,
MS-2.7-001,"Apply established security measures to: Assess likelihood and magnit ude of vulnerabilities and threats such as backdoors, compromised dependencies, data breaches, eavesdropping, man-in-the-middle attacks, reverse engineering, autonomous agents, model theft or exposure of model weights, AI inference, bypass, extraction, and other baseline security concerns.",Data Privacy; Information Integrity ; Information Security ; Value Chain and Component Integration,,"AI Deployment, AI Impact Assessment, Domain Experts, Operation and Monitoring, TEVV",https://nvlpubs.nist.gov/nistpubs/ai/NIST.AI.600-1.pdf,,,,,
MS-2.7-002,Benchmark GAI system security and resilience related to content provenance against industry standards and best practices. Compare GAI system security features and content provenance methods against industry state-of-the-art.,Information Integrity ; Information Security,,"AI Deployment, AI Impact Assessment, Domain Experts, Operation and Monitoring, TEVV",https://nvlpubs.nist.gov/nistpubs/ai/NIST.AI.600-1.pdf,,,,,
MS-2.7-003,Conduct user surveys to gather user satisfaction with the AI-generated content and user perceptions of content authenticity. Analyze user feedback to identify concerns and/or current literacy levels related to content provenance and understanding of labels on content.,Human-AI Configuration ; Information Integrity,,"AI Deployment, AI Impact Assessment, Domain Experts, Operation and Monitoring, TEVV",https://nvlpubs.nist.gov/nistpubs/ai/NIST.AI.600-1.pdf,,,,,
MS-2.7-004,"Identify metrics that reflect the effectiveness of security measures, such as data provenance, the number of unauthorized access attempts, inference, bypass, extraction, penetrations, or provenance verification.",Information Integrity ; Information Security,,"AI Deployment, AI Impact Assessment, Domain Experts, Operation and Monitoring, TEVV",https://nvlpubs.nist.gov/nistpubs/ai/NIST.AI.600-1.pdf,,,,,
MS-2.7-005,"Measure reliability of content authentication methods, such as watermarking, cryptographic signatures, digital fingerprints, as well as access controls, conformity assessment, and model integrity verification, which can help support the effective implementation of content provenance techniques. Evaluate the rate of false positives and false negatives in content provenance, as well as true positives and true negatives for verification.",Information Integrity,,"AI Deployment, AI Impact Assessment, Domain Experts, Operation and Monitoring, TEVV",https://nvlpubs.nist.gov/nistpubs/ai/NIST.AI.600-1.pdf,,,,,
MS-2.7-006,Measure the rate at which recommendations from security checks and incidents are implemented. Assess how quickly the AI system can adapt and improve based on lessons learned from security incidents and feedback .,Information Integrity ; Information Security,,"AI Deployment, AI Impact Assessment, Domain Experts, Operation and Monitoring, TEVV",https://nvlpubs.nist.gov/nistpubs/ai/NIST.AI.600-1.pdf,,,,,
MS-2.7-007,"Perform AI red-teaming to assess resilience against: Abuse to facilitate attacks on other systems (e.g., malicious code generation, enhanced phishing content), GAI attacks (e.g., prompt injection), ML attacks (e.g., adversarial examples/prompts, data poisoning, membership inference, model extraction, sponge examples).","Information Security ; Harmful Bias and Homogenization ; Dangerous, Violent, or Hateful Content",,"AI Deployment, AI Impact Assessment, Domain Experts, Operation and Monitoring, TEVV",https://nvlpubs.nist.gov/nistpubs/ai/NIST.AI.600-1.pdf,,,,,
MS-2.7-008,Verify fine-tuning does not compromise safety and security controls.,"Information Integrity ; Information Security; Dangerous, Violent, or Hateful Content",,"AI Deployment, AI Impact Assessment, Domain Experts, Operation and Monitoring, TEVV",https://nvlpubs.nist.gov/nistpubs/ai/NIST.AI.600-1.pdf,,,,,
MS-2.7-009,Regularly assess and verify that security measures remain been compromised.,Information Security,,"AI Deployment, AI Impact Assessment, Domain Experts, Operation and Monitoring, TEVV",https://nvlpubs.nist.gov/nistpubs/ai/NIST.AI.600-1.pdf,,,,,
MS-2.8-001,"Compile statistics on actual policy violations, take-down requests, and intellectual property infringement for organizational GAI systems: Analyze transparency reports across demographic groups, languages groups .",Intellectual Property; Harmful Bias and Homogenization,,"AI Deployment, AI Impact Assessment, Domain Experts, Operation and Monitoring, TEVV",https://nvlpubs.nist.gov/nistpubs/ai/NIST.AI.600-1.pdf,,,,,
MS-2.8-002,Document the instructions given to data annotators or AI red-teamers.,Human-AI Configuration,,"AI Deployment, AI Impact Assessment, Domain Experts, Operation and Monitoring, TEVV",https://nvlpubs.nist.gov/nistpubs/ai/NIST.AI.600-1.pdf,,,,,
MS-2.8-003,"Use digital content transparency solutions to enable the documentation of each instance where content is generated, modified, or shared to provide a tamper-proof history of the content, promote transparency, and enable traceability. Robust version control systems can also be applied to track chang es across the AI lifecycle over time.",Information Integrity,,"AI Deployment, AI Impact Assessment, Domain Experts, Operation and Monitoring, TEVV",https://nvlpubs.nist.gov/nistpubs/ai/NIST.AI.600-1.pdf,,,,,
MS-2.8-004,Verify adequacy of GAI system user instructions through user testing.,Human-AI Configuration,,"AI Deployment, AI Impact Assessment, Domain Experts, Operation and Monitoring, TEVV",https://nvlpubs.nist.gov/nistpubs/ai/NIST.AI.600-1.pdf,,,,,
MS-2.9-001,"Apply and document ML explanation results such as: Analysis of embeddings, Counterfactual prompts, Gradient-based attributions, Model compression/surrogate models, Occlusion/term reduction.",Confabulation,,"AI Deployment, AI Impact Assessment, Domain Experts, End-Users, Operation and Monitoring, TEVV",https://nvlpubs.nist.gov/nistpubs/ai/NIST.AI.600-1.pdf,,,,,
MS-2.9-002,"Document GAI model details including: Proposed use and organizational value; Assumptions and limitations, Data collection methodologies; Data provenance; Data quality; Model architecture (e.g., convolutional neural network, transformers, etc.); Optimization objectives; Training algorithms; RLHF approaches; Fine-tuning or retrieval-augmented generation approaches; Evaluation data; Ethical considerations; Legal and regulatory requirements.",Information Integrity ; Harmful Bias and Homogenization,,"AI Deployment, AI Impact Assessment, Domain Experts, End-Users, Operation and Monitoring, TEVV",https://nvlpubs.nist.gov/nistpubs/ai/NIST.AI.600-1.pdf,,,,,
MS-2.10-001,"Conduct AI red-teaming to assess issues such as: Outputting of training data samples, and subsequent reverse engineering, model extraction, and membership inference risks; Revealing biometric, confidential, copyrighted, licensed, patented, personal, proprietary, sensitive, or trade-marked information ; Tracking or revealing location information of users or members of training datasets. Property",Human-AI Configuration ; Information Integrity; Intellectual,,"AI Deployment, AI Impact Assessment, Domain Experts, End-Users, Operation and Monitoring, TEVV",https://nvlpubs.nist.gov/nistpubs/ai/NIST.AI.600-1.pdf,,,,,
MS-2.10-002,"Engage directly with end-users and other stakeholders to understand their expectations and concerns regarding content provenance. Use this feedback to guide the design of provenance data-tracking techniques.""",Human-AI Configuration ; Information Integrity,,"AI Deployment, AI Impact Assessment, Domain Experts, End-Users, Operation and Monitoring, TEVV",https://nvlpubs.nist.gov/nistpubs/ai/NIST.AI.600-1.pdf,,,,,
MS-2.10-003,"Verify deduplication of GAI training data samples, particularly regarding synthetic data.",Harmful Bias and Homogenization,,"AI Deployment, AI Impact Assessment, Domain Experts, End-Users, Operation and Monitoring, TEVV",https://nvlpubs.nist.gov/nistpubs/ai/NIST.AI.600-1.pdf,,,,,
MS-2.11-001,"Apply use-case appropriate benchmarks (e.g., Bias Benchmark Questions, Real Hateful or Harmful Prompts, Winogender Schemas 15 ) to quantify systemic bias, stereotyping, denigration, and hateful content in GAI system outputs; Document assumptions and limitations of benchmarks, including any actual or possible training/test data cross contamination, relative to in-context deployment environment.",Harmful Bias and Homogenization,"data-bias, output-bias, decision-bias, lack-of-data-transparency, lack-of-model-transparency","AI Deployment, AI Impact Assessment, Affected Individuals and Communities, Domain Experts, End-Users, Operation and Monitoring, TEVV",https://nvlpubs.nist.gov/nistpubs/ai/NIST.AI.600-1.pdf,,,,,
MS-2.11-002,"Conduct fairness assessments to measure systemic bias. Measure GAI system performance across demographic groups and subgroups, addressing both quality of service and any allocation of services and resources. Quantify harms using: field testing with sub-gro up populations to determine likelihood of exposure to generated content exhibiting harmful bias, AI red-teaming with counterfactual and low-context (e.g., 'leader,' 'bad guys') prompts. For ML pipelines or business processes with categorical or numeric out comes that rely on GAI, apply general fairness metrics (e.g., demographic parity, equalized odds, equal opportunity, statistical hypothesis tests), to the pipeline or business outcome where appropriate; Custom, context-specific metrics developed in collabo ration with domain experts and affected communities; Measurements of the prevalence of denigration in generated content in deployment (e.g., sub-sampling a fraction of traffic and manually annotating denigrating content) .","Harmful Bias and Homogenization ; Dangerous, Violent, or Hateful Content",,"AI Deployment, AI Impact Assessment, Affected Individuals and Communities, Domain Experts, End-Users, Operation and Monitoring, TEVV",https://nvlpubs.nist.gov/nistpubs/ai/NIST.AI.600-1.pdf,,,,,
MS-2.11-003,"Identify the classes of individuals, groups, or environmental ecosystems which might be impacted by GAI systems through direct engagement with potentially impacted communities.",Environmental ; Harmful Bias and Homogenization,,"AI Deployment, AI Impact Assessment, Affected Individuals and Communities, Domain Experts, End-Users, Operation and Monitoring, TEVV",https://nvlpubs.nist.gov/nistpubs/ai/NIST.AI.600-1.pdf,,,,,
MS-2.11-004,"Review, document, and measure sources of bias in GAI training and TEVV data: Differences in distributions of outcomes across and within groups, including intersecting groups; Completeness, representativeness, and balance of data sources; demographic group and subgroup coverage in GAI system training data; Fo rms of latent systemic bias in images, text, audio, embeddings, or other complex or unstructured data; Input data features that may serve as proxies for demographic group membership (i.e., image metadata, language dialect) or otherwise give rise to emergent bias within GAI systems; The extent to which the digital divide may negatively impact representativeness in GAI system training and TEVV data; Filtering of hate speech or content in GAI system training data; Prevalence of GAI-generated data in GAI system training data.",Harmful Bias and Homogenization,,"AI Deployment, AI Impact Assessment, Affected Individuals and Communities, Domain Experts, End-Users, Operation and Monitoring, TEVV",https://nvlpubs.nist.gov/nistpubs/ai/NIST.AI.600-1.pdf,,,,,
MS-2.11-005,Assess the proportion of synthetic to non-synthetic training data and verify training data is not overly homogenous or GAI-produced to mitigate concerns of model collapse.,Harmful Bias and Homogenization,,"AI Deployment, AI Impact Assessment, Affected Individuals and Communities, Domain Experts, End-Users, Operation and Monitoring, TEVV",https://nvlpubs.nist.gov/nistpubs/ai/NIST.AI.600-1.pdf,,,,,
MS-2.12-001,Assess safety to physical environments when deploying GAI systems.,"Dangerous, Violent, or Hateful Content",,"AI Deployment, AI Impact Assessment, Domain Experts, Operation and Monitoring, TEVV",https://nvlpubs.nist.gov/nistpubs/ai/NIST.AI.600-1.pdf,,,,,
MS-2.12-002,"Document anticipated environmental impacts of model development, maintenance, and deployment in product design decisions.",Environmental,,"AI Deployment, AI Impact Assessment, Domain Experts, Operation and Monitoring, TEVV",https://nvlpubs.nist.gov/nistpubs/ai/NIST.AI.600-1.pdf,,,,,
MS-2.12-003,"Measure or estimate environmental impacts (e.g., energy and water consumption) for training, fine tuning, and deploying models: Verify tradeoffs between resources used at inference time versus additional resources required at training time.",Environmental,,"AI Deployment, AI Impact Assessment, Domain Experts, Operation and Monitoring, TEVV",https://nvlpubs.nist.gov/nistpubs/ai/NIST.AI.600-1.pdf,,,,,
MS-2.12-004,"Verify effectiveness of carbon capture or offset programs for GAI training and applications, and address green-washing concerns.",Environmental,,"AI Deployment, AI Impact Assessment, Domain Experts, Operation and Monitoring, TEVV",https://nvlpubs.nist.gov/nistpubs/ai/NIST.AI.600-1.pdf,,,,,
MS-2.13-001,"Create measurement error models for pre-deployment metrics to demonstrate construct validity for each metric (i.e., does the metric effectively operationalize the desired concept): Measure or estimate, and document, biases or statistical variance in applie d metrics or structured human feedback processes; Leverage domain expertise when modeling complex societal constructs such as hateful content.",Confabulation ; Information Integrity; Harmful Bias and Homogenization,,"AI Deployment, Operation and Monitoring, TEVV",https://nvlpubs.nist.gov/nistpubs/ai/NIST.AI.600-1.pdf,,,,,
MS-3.2-001,Establish processes for identifying emergent GAI system risks including consulting with external AI Actors.,Human-AI Configuration ; Confabulation,,"AI Impact Assessment, Domain Experts, Operation and Monitoring, TEVV",https://nvlpubs.nist.gov/nistpubs/ai/NIST.AI.600-1.pdf,,,,,
MS-3.3-001,"Conduct impact assessments on how AI-generated content might affect different social, economic, and cultural groups.",Harmful Bias and Homogenization,,"AI Deployment, AÔ¨Äected Individuals and Communities, End-Users, Operation and Monitoring, TEVV",https://nvlpubs.nist.gov/nistpubs/ai/NIST.AI.600-1.pdf,,,,,
MS-3.3-002,Conduct studies to understand how end users perceive and interact with GAI content and accompanying content provenance within context of use. Assess whether the content aligns with their expectations and how they may act upon the information presented.,Human-AI Configuration ; Information Integrity,,"AI Deployment, AÔ¨Äected Individuals and Communities, End-Users, Operation and Monitoring, TEVV",https://nvlpubs.nist.gov/nistpubs/ai/NIST.AI.600-1.pdf,,,,,
MS-3.3-003,"Evaluate potential biases and stereotypes that could emerge from the AI-generated content using appropriate methodologies including computational testing methods as well as evaluating structured feedback input.""",Harmful Bias and Homogenization,,"AI Deployment, AÔ¨Äected Individuals and Communities, End-Users, Operation and Monitoring, TEVV",https://nvlpubs.nist.gov/nistpubs/ai/NIST.AI.600-1.pdf,,,,,
MS-3.3-004,"Provide input for training materials about the capabilities and limitations of GAI systems related to digital content transparency for AI Actors, other professionals, and the public about the societal impacts of AI and the role of diverse and inclusive content generation.",Human-AI Configuration ; Information Integrity ; Harmful Bias and Homogenization,,"AI Deployment, AÔ¨Äected Individuals and Communities, End-Users, Operation and Monitoring, TEVV",https://nvlpubs.nist.gov/nistpubs/ai/NIST.AI.600-1.pdf,,,,,
MS-3.3-005,"Record and integrate structured feedback about content provenance from operators, users, and potentially impacted communities through the use of methods such as user research studies, focus groups, or community forums. Actively seek feedback on generated content quality and potential biases. Assess the general awareness among end users and impacted communities about the availability of these feedback channels.",Human-AI Configuration ; Information Integrity ; Harmful Bias and Homogenization,,"AI Deployment, AÔ¨Äected Individuals and Communities, End-Users, Operation and Monitoring, TEVV",https://nvlpubs.nist.gov/nistpubs/ai/NIST.AI.600-1.pdf,,,,,
MS-4.2-001,"Conduct adversarial testing at a regular cadence to map and measure GAI risks, including tests to address attempts to deceive or manipulate the application of provenance techniques or other misuses. Identify vulnerabilities and understand potential misuse scenarios and unintended outputs.",Information Integrity ; Information Security,,"AI Deployment, Domain Experts, End-Users, Operation and Monitoring, TEVV",https://nvlpubs.nist.gov/nistpubs/ai/NIST.AI.600-1.pdf,,,,,
MS-4.2-002,Evaluate GAI system performance in real-world scenarios to observe its behavior in practical environments and reveal issues that might not surface in controlled and optimized testing environments.,Human-AI Configuration ; Confabulation ; Information Security,,"AI Deployment, Domain Experts, End-Users, Operation and Monitoring, TEVV",https://nvlpubs.nist.gov/nistpubs/ai/NIST.AI.600-1.pdf,,,,,
MS-4.2-003,Implement interpretability and explainability methods to evaluate GAI system decisions and verify alignment with intended purpose.,Information Integrity ; Harmful Bias and Homogenization,,"AI Deployment, Domain Experts, End-Users, Operation and Monitoring, TEVV",https://nvlpubs.nist.gov/nistpubs/ai/NIST.AI.600-1.pdf,,,,,
MS-4.2-004,"Monitor and document instances where human operators or other systems override the GAI's decisions. Evaluate these cases to understand if the overrides are linked to issues related to content provenance.""",Information Integrity,,"AI Deployment, Domain Experts, End-Users, Operation and Monitoring, TEVV",https://nvlpubs.nist.gov/nistpubs/ai/NIST.AI.600-1.pdf,,,,,
MS-4.2-005,"Verify and document the incorporation of results of structured public feedback exercises into design, implementation, deployment approval ('go'/'no-go' decisions), monitoring, and decommission decisions.",Human-AI Configuration ; Information Security,,"AI Deployment, Domain Experts, End-Users, Operation and Monitoring, TEVV",https://nvlpubs.nist.gov/nistpubs/ai/NIST.AI.600-1.pdf,,,,,
MG-1.3-001,"Document trade-offs, decision processes, and relevant measurement and feedback results for risks that do not surpass organizational risk tolerance, for example, in the context of model release : Consider different approaches for model release, for example, leveraging a staged release approach. Consider release approaches in the context of the model and its projected use cases. Mitigate, transfer, or avoid risks that surpass organizational risk tolerances.",Information Security,,"AI Deployment, AI Impact Assessment, Operation and Monitoring",https://nvlpubs.nist.gov/nistpubs/ai/NIST.AI.600-1.pdf,,,,,
MG-1.3-002,"Monitor the robustness and effectiveness of risk controls and mitigation plans (e.g., via red-teaming, field testing, participatory engagements, performance assessments, user feedback mechanisms).",Human-AI Configuration,,"AI Deployment, AI Impact Assessment, Operation and Monitoring",https://nvlpubs.nist.gov/nistpubs/ai/NIST.AI.600-1.pdf,,,,,
MG-2.2-001,"Compare GAI system outputs against pre-defined organization risk tolerance, guidelines, and principles, and review and test AI-generated content against these guidelines.","CBRN Information or Capabilities ; Obscene, Degrading, and/or Abusive Content; Harmful Bias and Homogenization ; Dangerous, Violent, or Hateful Content",,"AI Deployment, AI Impact Assessment, Governance and Oversight, Operation and Monitoring",https://nvlpubs.nist.gov/nistpubs/ai/NIST.AI.600-1.pdf,,,,,
MG-2.2-002,Document training data sources to trace the origin and provenance of AI-generated content.,Information Integrity,,"AI Deployment, AI Impact Assessment, Governance and Oversight, Operation and Monitoring",https://nvlpubs.nist.gov/nistpubs/ai/NIST.AI.600-1.pdf,,,,,
MG-2.2-003,"Evaluate feedback loops between GAI system content provenance and human reviewers, and update where needed. Implement real-time monitoring systems to affirm that cont e nt provenance protocols remain effective.",Information Integrity,,"AI Deployment, AI Impact Assessment, Governance and Oversight, Operation and Monitoring",https://nvlpubs.nist.gov/nistpubs/ai/NIST.AI.600-1.pdf,,,,,
MG-2.2-004,"Evaluate GAI content and data for representational biases and employ techniques such as re-sampling, re-ranking, or adversarial training to mitigate biases in the generated content.",Information Security ; Harmful Bias and Homogenization,,"AI Deployment, AI Impact Assessment, Governance and Oversight, Operation and Monitoring",https://nvlpubs.nist.gov/nistpubs/ai/NIST.AI.600-1.pdf,,,,,
MG-2.2-005,"Engage in due diligence to analyze GAI output for harmful content, potential misinformation, and CBRN-related or NCII content.","CBRN Information or Capabilities ; Obscene, Degrading, and/or Abusive Content; Harmful Bias and Homogenization ; Dangerous, Violent, or Hateful Content",,"AI Deployment, AI Impact Assessment, Governance and Oversight, Operation and Monitoring",https://nvlpubs.nist.gov/nistpubs/ai/NIST.AI.600-1.pdf,,,,,
MG-2.2-006,"Use feedback from internal and external AI Actors, users, individuals, and communities, to assess impact of AI-generated content.",Human-AI Configuration,,"AI Deployment, AI Impact Assessment, Governance and Oversight, Operation and Monitoring",https://nvlpubs.nist.gov/nistpubs/ai/NIST.AI.600-1.pdf,,,,,
MG-2.2-007,"Use real-time auditing tools where they can be demonstrated to aid in the tracking and validation of the lineage and authenticity of AI-generated data.""",Information Integrity,,"AI Deployment, AI Impact Assessment, Governance and Oversight, Operation and Monitoring",https://nvlpubs.nist.gov/nistpubs/ai/NIST.AI.600-1.pdf,,,,,
MG-2.2-008,"Use structured feedback mechanisms to solicit and capture user input about AI-generated content to detect subtle shifts in quality or alignment with community and societal values.""",Human-AI Configuration ; Harmful Bias and Homogenization,,"AI Deployment, AI Impact Assessment, Governance and Oversight, Operation and Monitoring",https://nvlpubs.nist.gov/nistpubs/ai/NIST.AI.600-1.pdf,,,,,
MG-2.2-009,"Consider opportunities to responsibly use synthetic data and other privacy enhancing techniques in GAI development, where appropriate and applicable, match the statistical properties of real-world data without disclosing personally identifiable information or contributing to homogenization .",Data Privacy; Intellectual Property; Information Integrity ; Confabulation ; Harmful Bias and Homogenization,,"AI Deployment, AI Impact Assessment, Governance and Oversight, Operation and Monitoring",https://nvlpubs.nist.gov/nistpubs/ai/NIST.AI.600-1.pdf,,,,,
MG-2.3-001,"Develop and update GAI system incident response and recovery plans and procedures to address the following: Review and maintenance of policies and procedures to account for newly encountered uses; Review and maintenance of policies and procedures for detec tion of unanticipated uses; Verify response and recovery plans account for the GAI system value chain ; Verify response and recovery plans are updated for and include necessary details to communicate with downstream GAI system Actors: Points-of-Contact (POC), Contact information, notification format.",Value Chain and Component Integration,,"AI Deployment, Operation and Monitoring",https://nvlpubs.nist.gov/nistpubs/ai/NIST.AI.600-1.pdf,,,,,
MG-2.4-001,"Establish and maintain communication plans to inform AI stakeholders as part of the deactivation or disengagement process of a specific GAI system (including for open-source models) or context of use, including r easons, workarounds, user access removal, alternative processes, contact information, etc. Human-",AI Configuration,,"AI Deployment, Governance and Oversight, Operation and Monitoring",https://nvlpubs.nist.gov/nistpubs/ai/NIST.AI.600-1.pdf,,,,,
MG-2.4-002,Establish and maintain procedures for escalating GAI system incidents to the organizational risk management authority when specific criteria for deactivation or disengagement is met for a particular context of use or for the GAI system as a whole.,Information Security,,"AI Deployment, Governance and Oversight, Operation and Monitoring",https://nvlpubs.nist.gov/nistpubs/ai/NIST.AI.600-1.pdf,,,,,
MG-2.4-003,"Establish and maintain procedures for the remediation of issues which trigger incident response processes for the use of a GAI system, and provide stakeholders timelines associated with the remediation plan.",Information Security,,"AI Deployment, Governance and Oversight, Operation and Monitoring",https://nvlpubs.nist.gov/nistpubs/ai/NIST.AI.600-1.pdf,,,,,
MG-2.4-004,Establish and regularly review specific criteria that warrants the deactivation of GAI systems in accordance with set risk tolerances and appetites.,Information Security,,"AI Deployment, Governance and Oversight, Operation and Monitoring",https://nvlpubs.nist.gov/nistpubs/ai/NIST.AI.600-1.pdf,,,,,
MG-3.1-001,"Apply organizational risk tolerances and controls (e.g., acquisition and procurement processes; assessing personnel credentials and qualifications, performing background checks; filtering GAI input and outputs, grounding, fine tuning, retrieval-augmented generation) to third-party GAI resources: Apply organizational risk tolerance to the utilization of third-party datasets and other GAI resources; Apply organizational risk tolerances to fine-tuned third-party models; Apply organizational risk tolerance to existing t hird-party models adapted to a new domain; Reassess risk measurements after fine-tuning third-party GAI models.",Value Chain and Component Integration ; Intellectual Property,,"AI Deployment, Operation and Monitoring, Third-party entities",https://nvlpubs.nist.gov/nistpubs/ai/NIST.AI.600-1.pdf,,,,,
MG-3.1-002,"Test GAI system value chain risks (e.g., data poisoning, malware, other software and hardware vulnerabilities; labor practices; data privacy and localization compliance; geopolitical alignment).",Data Privacy; Information Security ; Value Chain and Component Integration ; Harmful Bias and Homogenization,,"AI Deployment, Operation and Monitoring, Third-party entities",https://nvlpubs.nist.gov/nistpubs/ai/NIST.AI.600-1.pdf,,,,,
MG-3.1-003,Re-assess model risks after fine-tuning or retrieval-augmented generation implementation and for any third-party GAI models deployed for applications and/or use cases that were not evaluated in initial testing.,Value Chain and Component Integration,,"AI Deployment, Operation and Monitoring, Third-party entities",https://nvlpubs.nist.gov/nistpubs/ai/NIST.AI.600-1.pdf,,,,,
MG-3.1-004,"Take reasonable measures to review training data for CBRN information, and intellectual property, and where appropriate, remove it. Implement reasonable measures to prevent, flag, or take other action in response to outputs that reproduce particular training data (e.g., plagiarized, trademarked, patented, licensed content or trade secret material ).",Intellectual Property; CBRN Information or Capabilities,,"AI Deployment, Operation and Monitoring, Third-party entities",https://nvlpubs.nist.gov/nistpubs/ai/NIST.AI.600-1.pdf,,,,,
MG-3.1-005,"Review various transparency artifacts (e.g., system cards and model cards) for third-party models.",Information Integrity; Information Security; Value Chain and Component Integration,,"AI Deployment, Operation and Monitoring, Third-party entities",https://nvlpubs.nist.gov/nistpubs/ai/NIST.AI.600-1.pdf,,,,,
MG-3.2-001,"Apply explainable AI (XAI) techniques (e.g., analysis of embeddings, model compression/distillation, gradient-based attributions, occlusion/term reduction, counterfactual prompts, word clouds) as part of ongoing continuous improvement processes to mitigate risks related to unexplainable GAI systems.",Harmful Bias and Homogenization,,"AI Deployment, Operation and Monitoring, Third-party entities",https://nvlpubs.nist.gov/nistpubs/ai/NIST.AI.600-1.pdf,,,,,
MG-3.2-002,"Document how pre-trained models have been adapted (e.g., fine-tuned, or retrieval-augmented generation) for the specific generative task, including any data augmentations, parameter adjustments, or other modifications. Access to un-tuned (baseline) models support s debugging the relative influence of the pre-trained weights compared to the fine-tuned model weights or other system updates.",Information Integrity ; Data Privacy,,"AI Deployment, Operation and Monitoring, Third-party entities",https://nvlpubs.nist.gov/nistpubs/ai/NIST.AI.600-1.pdf,,,,,
MG-3.2-003,"Document sources and types of training data and their origins, potential biases present in the data related to the GAI application and its content provenance, architecture, training process of the pre-trained model including information on hyperparameters, training duration, and any fine-tuning or retrieval-augmented generation processes applied.",Information Integrity ; Harmful Bias and Homogenization ; Intellectual Property,,"AI Deployment, Operation and Monitoring, Third-party entities",https://nvlpubs.nist.gov/nistpubs/ai/NIST.AI.600-1.pdf,,,,,
MG-3.2-004,"Evaluate user reported problematic content and integrate feedback into system updates.""","Human-AI Configuration, Dangerous, Violent, or Hateful Content",,"AI Deployment, Operation and Monitoring, Third-party entities",https://nvlpubs.nist.gov/nistpubs/ai/NIST.AI.600-1.pdf,,,,,
MG-3.2-005,"Implement content filters to prevent the generation of inappropriate, harmful, false, illegal, or violent content related to the GAI application, including for CSAM and NCII. These filters can be rule-based or leverage additional machine learning models to flag problematic inputs and outputs.","Information Integrity ; Harmful Bias and Homogenization ; Dangerous, Violent, or Hateful Content ; Obscene, Degrading, and/or Abusive Content",,"AI Deployment, Operation and Monitoring, Third-party entities",https://nvlpubs.nist.gov/nistpubs/ai/NIST.AI.600-1.pdf,,,,,
MG-3.2-006,Implement real-time monitoring processes for analyzing generated content performance and trustworthiness characteristics related to content provenance to identify deviations from the desired standards and trigger alerts for human intervention.,Information Integrity,,"AI Deployment, Operation and Monitoring, Third-party entities",https://nvlpubs.nist.gov/nistpubs/ai/NIST.AI.600-1.pdf,,,,,
MG-3.2-007,Leverage feedback and recommendations from organizational boards or committees related to the deployment of GAI applications and content provenance when using third-party pre-trained models.,Information Integrity ; Value Chain and Component Integration,,"AI Deployment, Operation and Monitoring, Third-party entities",https://nvlpubs.nist.gov/nistpubs/ai/NIST.AI.600-1.pdf,,,,,
MG-3.2-008,"Use human moderation systems where appropriate to review generated content in accordance with human-AI configuration policies established in the Govern function, aligned with socio-cultural norms in the context of use, and for settings where AI models are demonstrated to perform poorly.",Human-AI Configuration,,"AI Deployment, Operation and Monitoring, Third-party entities",https://nvlpubs.nist.gov/nistpubs/ai/NIST.AI.600-1.pdf,,,,,
MG-3.2-009,Use organizational risk tolerance to evaluate acceptable risks and performance metrics and decommission or retrain pre-trained models that perform outside of defined limits.,CBRN Information or Capabilities ; Confabulation,,"AI Deployment, Operation and Monitoring, Third-party entities",https://nvlpubs.nist.gov/nistpubs/ai/NIST.AI.600-1.pdf,,,,,
MG-4.1-001,"Collaborate with external researchers, industry experts, and community representatives to maintain awareness of emerging best practices and technologies in measuring and managing identified risks.",Information Integrity ; Harmful Bias and Homogenization,,"AI Deployment, Affected Individuals and Communities, Domain Experts, End-Users, Human Factors, Operation and Monitoring",https://nvlpubs.nist.gov/nistpubs/ai/NIST.AI.600-1.pdf,,,,,
MG-4.1-002,"Establish, maintain, and evaluate effectiveness of organizational processes and procedures for post-deployment monitoring of GAI systems, particularly for potential confabulation, CBRN, or cyber risks.",CBRN Information or Capabilities ; Confabulation ; Information Security,,"AI Deployment, Affected Individuals and Communities, Domain Experts, End-Users, Human Factors, Operation and Monitoring",https://nvlpubs.nist.gov/nistpubs/ai/NIST.AI.600-1.pdf,,,,,
MG-4.1-003,"Evaluate the use of sentiment analysis to gauge user sentiment regarding GAI content performance and impact, and work in collaboration with AI Actors experienced in user research and experience.",Human-AI Configuration,,"AI Deployment, Affected Individuals and Communities, Domain Experts, End-Users, Human Factors, Operation and Monitoring",https://nvlpubs.nist.gov/nistpubs/ai/NIST.AI.600-1.pdf,,,,,
MG-4.1-004,Implement active learning techniques to identify instances where the model fails or produces unexpected outputs.,Confabulation,,"AI Deployment, Affected Individuals and Communities, Domain Experts, End-Users, Human Factors, Operation and Monitoring",https://nvlpubs.nist.gov/nistpubs/ai/NIST.AI.600-1.pdf,,,,,
MG-4.1-005,Share transparency reports with internal and external stakeholders that detail steps taken to update the G AI system to enhance transparency and accountability.,Human-AI Configuration ; Harmful Bias and Homogenization,,"AI Deployment, Affected Individuals and Communities, Domain Experts, End-Users, Human Factors, Operation and Monitoring",https://nvlpubs.nist.gov/nistpubs/ai/NIST.AI.600-1.pdf,,,,,
MG-4.1-006,"Track dataset modifications for provenance by monitoring data deletions, rectification requests, and other changes that may impact the verifiability of content origins.",Information Integrity,,"AI Deployment, Affected Individuals and Communities, Domain Experts, End-Users, Human Factors, Operation and Monitoring",https://nvlpubs.nist.gov/nistpubs/ai/NIST.AI.600-1.pdf,,,,,
MG-4.1-007,"Verify that AI Actors responsible for monitoring reported issues can effectively evaluate GAI system performance including the application of content provenance data tracking techniques, and promptly escalate issues for response.",Human-AI Configuration Information Integrity,,"AI Deployment, Affected Individuals and Communities, Domain Experts, End-Users, Human Factors, Operation and Monitoring",https://nvlpubs.nist.gov/nistpubs/ai/NIST.AI.600-1.pdf,,,,,
MG-4.2-001,"Conduct regular monitoring of GAI systems and publish reports detailing the performance, feedback received, and improvements made.",Harmful Bias and Homogenization,,"AI Deployment, AI Design, AI Development, AÔ¨Äected Individuals and Communities, End-Users, Operation and Monitoring, TEVV",https://nvlpubs.nist.gov/nistpubs/ai/NIST.AI.600-1.pdf,,,,,
MG-4.2-002,"Practice and follow incident response plans for addressing the generation of inappropriate or harmful content and adapt processes based on findings to prevent future occurrences. Conduct post-mortem analyses of incidents with relevant AI Actors, to understand the root causes and implement preventive measures.","Human-AI Configuration ; Dangerous, Violent, or Hateful Content",,"AI Deployment, AI Design, AI Development, AÔ¨Äected Individuals and Communities, End-Users, Operation and Monitoring, TEVV",https://nvlpubs.nist.gov/nistpubs/ai/NIST.AI.600-1.pdf,,,,,
MG-4.2-003,Use visualizations or other methods to represent GAI model behavior to ease non-technical stakeholders understanding of GAI system functionality.,Human-AI Configuration,,"AI Deployment, AI Design, AI Development, AÔ¨Äected Individuals and Communities, End-Users, Operation and Monitoring, TEVV",https://nvlpubs.nist.gov/nistpubs/ai/NIST.AI.600-1.pdf,,,,,
MG-4.3-001,"Conduct after-action assessments for GAI system incidents to verify incident response and recovery processes are followed and effective, including to follow procedures for communicating incidents to relevant AI Actors and where applicable, relevant legal and regulatory bodies.",Information Security,,"AI Deployment, Affected Individuals and Communities, Domain Experts, End-Users, Human Factors, Operation and Monitoring",https://nvlpubs.nist.gov/nistpubs/ai/NIST.AI.600-1.pdf,,,,,
MG-4.3-002,"Establish and maintain policies and procedures to record and track GAI system reported errors, near-misses, and negative impacts.",Confabulation ; Information Integrity,,"AI Deployment, Affected Individuals and Communities, Domain Experts, End-Users, Human Factors, Operation and Monitoring",https://nvlpubs.nist.gov/nistpubs/ai/NIST.AI.600-1.pdf,,,,,
MG-4.3-003,"Report GAI incidents in compliance with legal and regulatory requirements (e.g., HIPAA breach reporting, e.g., OCR (2023) or NHTSA (2022) autonomous vehicle crash reporting requirements.",Information Security ; Data Privacy,,"AI Deployment, Affected Individuals and Communities, Domain Experts, End-Users, Human Factors, Operation and Monitoring",https://nvlpubs.nist.gov/nistpubs/ai/NIST.AI.600-1.pdf,,,,,
